{
  "Queue": "",
  "UserMetadata": {},
  "Role": "",
  "Settings": {
    "TimecodeConfig": {
      "Source": "ZEROBASED"
    },
    "OutputGroups": [
      {
        "CustomName": "testvtt",
        "Name": "File Group",
        "Outputs": [
          {
            "ContainerSettings": {
              "Container": "MP4",
              "Mp4Settings": {}
            },
            "VideoDescription": {
              "CodecSettings": {
                "Codec": "H_264",
                "H264Settings": {
                  "MaxBitrate": 5000000,
                  "RateControlMode": "QVBR",
                  "SceneChangeDetect": "TRANSITION_DETECTION"
                }
              }
            },
            "AudioDescriptions": [
              {
                "AudioSourceName": "Audio Selector 1",
                "CodecSettings": {
                  "Codec": "AAC",
                  "AacSettings": {
                    "Bitrate": 96000,
                    "CodingMode": "CODING_MODE_2_0",
                    "SampleRate": 48000
                  }
                }
              }
            ],
            "Extension": "mp4",
            "NameModifier": "outputvtt",
            "CaptionDescriptions": [
              {
                "CaptionSelectorName": "Captions Selector 1",
                "DestinationSettings": {
                  "DestinationType": "BURN_IN",
                  "BurninDestinationSettings": {
                    "FontColor": "BLUE",
                    "Alignment": "CENTERED",
                    "FontSize": 40,
                    "FontScript": "AUTOMATIC",
                    "FallbackFont": "BEST_MATCH",
                    "ApplyFontColor": "WHITE_TEXT_ONLY"
                  }
                },
                "LanguageCode": "HIN"
              }
            ]
          }
        ],
        "OutputGroupSettings": {
          "Type": "FILE_GROUP_SETTINGS",
          "FileGroupSettings": {
            "Destination": ""
          }
        }
      }
    ],
    "Inputs": [
      {
        "AudioSelectors": {
          "Audio Selector 1": {
            "DefaultSelection": "DEFAULT"
          }
        },
        "VideoSelector": {},
        "TimecodeSource": "ZEROBASED",
        "CaptionSelectors": {
          "Captions Selector 1": {
            "SourceSettings": {
              "SourceType": "WEBVTT",
              "FileSourceSettings": {
                "SourceFile": ""
              }
            }
          }
        },
        "FileInput": ""
      }
    ]
  },
  "AccelerationSettings": {
    "Mode": "DISABLED"
  },
  "StatusUpdateInterval": "SECONDS_60",
  "Priority": 0
}
